Keyword,Country code,Location,SERP features,Volume,KD,Organic traffic,Current position,Current URL
cloudsine,SG,Singapore,"Sitelinks, Video preview, Knowledge panel",100,0,106,1,https://www.cloudsine.tech/
civica pte ltd,SG,Singapore,People also ask,350,1,1,21,https://www.cloudsine.tech/partner-network/civica-pte-ltd/
web application protector,US,United States,"People also ask, Video preview",80,5,0,21,https://www.cloudsine.tech/products/web-application-firewall/
weborion,SG,Singapore,"Sitelinks, People also ask, Top stories",50,1,0,3,https://www.cloudsine.tech/products/website-monitoring/
waf vs network firewall,US,United States,"AI overview, Featured snippet, Thumbnail, People also ask, Discussions and forums, Video preview",30,2,0,24,https://www.cloudsine.tech/waf-vs-network-firewall/
cloud jobs singapore,SG,Singapore,People also ask,20,0,0,23,https://www.cloudsine.tech/careers/
whois monitoring,US,United States,Discussions and forums,10,64,0,23,https://www.cloudsine.tech/use-cases/dns-and-whois-monitoring/
waf singapore,SG,Singapore,"Sitelinks, People also ask, Video preview",10,3,0,25,https://www.cloudsine.tech/products/web-application-firewall/
pci dss web application firewall,US,United States,People also ask,20,2,0,28,https://www.cloudsine.tech/ultimate-guide-to-web-application-firewalls-and-pci-dss-v4-0/
web defacement,SG,Singapore,"Sitelinks, People also ask, Knowledge panel, Thumbnail",40,3,0,32,https://www.cloudsine.tech/preventing-web-defacement-a-technical-managers-guide-to-securing-web-applications-2/
defacement monitoring,US,United States,"People also ask, Sitelinks",70,17,0,35,https://www.cloudsine.tech/maintaining-brand-integrity-how-defacement-monitoring-protects-your-online-reputation/
application firewall vs network firewall,US,United States,People also ask,60,2,0,35,https://www.cloudsine.tech/waf-vs-network-firewall/
difference between network firewall and application firewall,US,United States,People also ask,40,3,0,35,https://www.cloudsine.tech/waf-vs-network-firewall/
web defacement monitoring,US,United States,"People also ask, Sitelinks",20,17,0,34,https://www.cloudsine.tech/maintaining-brand-integrity-how-defacement-monitoring-protects-your-online-reputation/
pci dss waf,US,United States,People also ask,50,2,0,40,https://www.cloudsine.tech/ultimate-guide-to-web-application-firewalls-and-pci-dss-v4-0/
waf vs firewall,US,United States,"AI overview, Thumbnail, Featured snippet, People also ask, Top stories, Video preview",250,4,0,48,https://www.cloudsine.tech/waf-vs-network-firewall/
website defacement,SG,Singapore,"Sitelinks, People also ask, Thumbnail, Knowledge panel",50,3,0,40,https://www.cloudsine.tech/understanding-website-defacement-attacks/
website defacement monitor,US,United States,"People also ask, Discussions and forums",20,12,0,37,https://www.cloudsine.tech/products/website-monitoring/
waf vs firewall,IN,India,People also ask,100,11,0,46,https://www.cloudsine.tech/waf-vs-network-firewall/
pci waf,US,United States,"People also ask, Discussions and forums, Sitelinks",20,2,0,42,https://www.cloudsine.tech/ultimate-guide-to-web-application-firewalls-and-pci-dss-v4-0/
what is website defacement,US,United States,"AI overview, People also ask, Knowledge panel, Thumbnail",20,7,0,44,https://www.cloudsine.tech/understanding-website-defacement-attacks/
waf vs firewall,AU,Australia,"Featured snippet, Thumbnail, People also ask, Video preview",20,11,0,43,https://www.cloudsine.tech/waf-vs-network-firewall/
web defacement,US,United States,"AI overview, Thumbnail, People also ask, Knowledge panel",60,8,0,51,https://www.cloudsine.tech/blog-web-defacement-monitoring/
waf vs firewall,CA,Canada,"Featured snippet, Thumbnail, People also ask, Discussions and forums, Video preview",20,10,0,46,https://www.cloudsine.tech/waf-vs-network-firewall/
what is dns monitoring,US,United States,"AI overview, People also ask, Videos",40,4,0,50,https://www.cloudsine.tech/dns-monitoring/
waf pci compliance,US,United States,People also ask,40,1,0,50,https://www.cloudsine.tech/ultimate-guide-to-web-application-firewalls-and-pci-dss-v4-0/
why is dns monitoring important?,US,United States,"AI overview, People also ask",10,4,0,45,https://www.cloudsine.tech/dns-monitoring/
web defacement,MY,Malaysia,"People also ask, Thumbnail, Video preview, Knowledge panel",40,2,0,51,https://www.cloudsine.tech/understanding-website-defacement-attacks/
website defacement,IN,India,"People also ask, Thumbnail, Knowledge panel",200,6,0,56,https://www.cloudsine.tech/understanding-website-defacement-attacks/
web defacement,IN,India,"People also ask, Thumbnail, Knowledge panel",100,9,0,58,https://www.cloudsine.tech/understanding-website-defacement-attacks/
what is a key challenge in ensuring security in ai systems?,IN,India,"Featured snippet, People also ask",70,0,0,56,https://www.cloudsine.tech/genai-security-challenges-and-solutions/
website defacement,GB,United Kingdom,"People also ask, Thumbnail, Video preview, Knowledge panel",50,4,0,54,https://www.cloudsine.tech/understanding-website-defacement-attacks/
website defacement attack,US,United States,"People also ask, Knowledge panel",40,7,0,55,https://www.cloudsine.tech/understanding-website-defacement-attacks/
web defacement,GB,United Kingdom,"People also ask, Thumbnail, Knowledge panel",10,3,0,50,https://www.cloudsine.tech/understanding-website-defacement-attacks/
website defacement,AU,Australia,"Sitelinks, People also ask, Knowledge panel",20,6,0,51,https://www.cloudsine.tech/understanding-website-defacement-attacks/
website defacement,US,United States,"AI overview, Thumbnail, People also ask, Knowledge panel",350,8,0,63,https://www.cloudsine.tech/understanding-website-defacement-attacks/
difference between waf and firewall,US,United States,"AI overview, People also ask, Video preview",70,8,0,59,https://www.cloudsine.tech/waf-vs-network-firewall/
dns monitoring,IN,India,"AI overview, People also ask, Sitelinks",60,11,0,59,https://www.cloudsine.tech/dns-monitoring/
website defacement,RU,Russian Federation,"People also ask, Thumbnail, Knowledge panel",20,9,0,53,https://www.cloudsine.tech/understanding-website-defacement-attacks/
website defacement,MY,Malaysia,"People also ask, Sitelinks, Knowledge panel",30,6,0,56,https://www.cloudsine.tech/understanding-website-defacement-attacks/
cloud waf solutions,US,United States,People also ask,20,26,0,54,https://www.cloudsine.tech/products/web-application-firewall/
website defacement,PH,Philippines,"AI overview, People also ask, Knowledge panel, Thumbnail",70,8,0,62,https://www.cloudsine.tech/understanding-website-defacement-attacks/
dns monitoring,BR,Brazil,"People also ask, Sitelinks",60,6,0,62,https://www.cloudsine.tech/dns-monitoring/
defacement attack,US,United States,"Thumbnail, People also ask, Knowledge panel",20,7,0,58,https://www.cloudsine.tech/understanding-website-defacement-attacks/
difference between waf and firewall,IN,India,"AI overview, People also ask, Video preview",50,4,0,64,https://www.cloudsine.tech/waf-vs-network-firewall/
what is a key challenge in ensuring security in ai systems,IN,India,"Featured snippet, People also ask",40,0,0,62,https://www.cloudsine.tech/genai-security-challenges-and-solutions/
pci web application firewall,US,United States,"People also ask, Videos",20,17,0,60,https://www.cloudsine.tech/ultimate-guide-to-web-application-firewalls-and-pci-dss-v4-0/
web defacement,TH,Thailand,"Sitelinks, People also ask",90,0,0,67,https://www.cloudsine.tech/securing-your-website-from-defacement-essential-tips-and-tools/
genai security,US,United States,AI overview,150,30,0,72,https://www.cloudsine.tech/genai-security-challenges-and-solutions/
website defacement,CA,Canada,"People also ask, Thumbnail, Knowledge panel",20,6,0,63,https://www.cloudsine.tech/understanding-website-defacement-attacks/
examples of website defacement,US,United States,People also ask,10,5,0,61,https://www.cloudsine.tech/understanding-website-defacement-attacks/
dns monitoring,GB,United Kingdom,"People also ask, Sitelinks, Videos",80,12,0,70,https://www.cloudsine.tech/dns-monitoring/
dns monitoring,US,United States,"People also ask, Sitelinks, Videos",200,11,0,75,https://www.cloudsine.tech/dns-monitoring/
dns monitoring,UA,Ukraine,"Featured snippet, Thumbnail, People also ask, Videos",10,6,0,61,https://www.cloudsine.tech/dns-monitoring/
web application firewall vs firewall,US,United States,"Featured snippet, Thumbnail, People also ask, Discussions and forums, Top stories, Video preview",90,2,0,73,https://www.cloudsine.tech/waf-vs-network-firewall/
what osi layer does a waf work on?,US,United States,"Featured snippet, People also ask, Discussions and forums",20,4,0,67,https://www.cloudsine.tech/waf-vs-network-firewall/
dns monitoring,DE,Germany,"Sitelinks, People also ask, Videos",50,0,0,71,https://www.cloudsine.tech/dns-monitoring/
network firewall vs web application firewall,US,United States,People also ask,30,2,0,72,https://www.cloudsine.tech/waf-vs-network-firewall/
gen ai security,US,United States,"Sitelinks, People also ask, Top stories, Thumbnail, Discussions and forums",200,35,0,81,https://www.cloudsine.tech/genai-security-challenges-and-solutions/
dns monitoring,CA,Canada,"People also ask, Sitelinks, Videos",20,9,0,72,https://www.cloudsine.tech/dns-monitoring/
what osi layer does a waf work on,US,United States,"AI overview, Thumbnail, Featured snippet, People also ask, Discussions and forums",20,5,0,72,https://www.cloudsine.tech/waf-vs-network-firewall/
defacing websites,US,United States,Knowledge panel,20,2,0,76,https://www.cloudsine.tech/understanding-website-defacement-attacks/
weborion,FR,France,"Sitelinks, Video preview",40,0,0,9,https://www.cloudsine.tech/products/website-monitoring/
difference between firewall and waf,IN,India,"Featured snippet, People also ask, Video preview",20,5,0,84,https://www.cloudsine.tech/waf-vs-network-firewall/
defacement site web,FR,France,"People also ask, Knowledge panel, Thumbnail",10,1,0,82,https://www.cloudsine.tech/understanding-website-defacement-attacks/
what is web application security,RU,Russian Federation,"Featured snippet, Thumbnail, People also ask",10,10,0,97,https://www.cloudsine.tech/what-is-web-application-security/
paladion networks,IN,India,"People also ask, Video preview",100,0,0,30,https://www.cloudsine.tech/partner-network/paladion-networks-pvt-ltd/
cyberboost,US,United States,"Thumbnail, Video preview",20,0,0,34,https://www.cloudsine.tech/cloudsine-is-a-proud-member-of-cyberboost-catalyse/
website defacement,VG,"Virgin Islands, British","People also ask, Thumbnail, Knowledge panel",0,5,0,56,https://www.cloudsine.tech/understanding-website-defacement-attacks/
whois monitor,US,United States,"Discussions and forums, Videos, People also ask",,11,0,29,https://www.cloudsine.tech/use-cases/dns-and-whois-monitoring/